City_ID,City,Country,Date,Lat,Lng,Max Temp,Humidity,Cloudiness,Wind Speed
0,Mataura,NZ,2020-08-27 10:28:07,-46.19,168.86,45.0,72,84,11.01
1,Contamana,PE,2020-08-27 10:28:07,-7.33,-75.02,67.96,75,17,1.36
2,Young,UY,2020-08-27 10:28:08,-32.68,-57.63,55.0,93,100,5.99
3,Albany,US,2020-08-27 10:28:08,42.6,-73.97,60.01,68,99,3.31
4,Dahod,IN,2020-08-27 10:28:08,22.83,74.27,85.23,70,83,11.92
5,Praya,CV,2020-08-27 10:27:05,14.92,-23.51,78.8,94,75,9.17
6,Mende,FR,2020-08-27 10:28:08,44.67,3.5,73.4,35,14,10.29
7,Rikitea,PF,2020-08-27 10:28:08,-23.12,-134.97,67.91,60,24,4.16
8,Carmen,MX,2020-08-27 10:25:09,18.63,-91.83,79.57,83,81,13.04
9,Butaritari,KI,2020-08-27 10:28:08,3.07,172.79,82.96,69,73,5.37
10,Ratnagiri,IN,2020-08-27 10:28:09,16.98,73.3,83.35,72,99,11.07
11,Newport,GB,2020-08-27 10:28:09,51.59,-3.0,59.0,95,70,13.13
12,Doha,QA,2020-08-27 10:28:09,25.29,51.53,106.0,16,1,10.29
13,Barrow,US,2020-08-27 10:28:09,71.29,-156.79,37.4,93,90,18.34
14,Busselton,AU,2020-08-27 10:28:09,-33.65,115.33,63.0,60,5,5.26
15,Cabo San Lucas,MX,2020-08-27 10:25:58,22.89,-109.91,81.0,77,10,1.01
16,Taoudenni,ML,2020-08-27 10:28:10,22.68,-3.98,105.37,17,0,9.69
17,Vestmannaeyjar,IS,2020-08-27 10:28:10,63.44,-20.27,50.0,66,0,8.05
18,Hilo,US,2020-08-27 10:28:10,19.73,-155.09,71.6,83,20,5.82
19,Padang,ID,2020-08-27 10:25:52,-0.95,100.35,83.1,68,90,2.77
20,East London,ZA,2020-08-27 10:28:10,-33.02,27.91,68.0,56,20,14.99
21,Ponta Do Sol,PT,2020-08-27 10:28:10,32.67,-17.1,84.2,48,20,17.22
22,Aykhal,RU,2020-08-27 10:28:10,66.0,111.5,64.76,36,73,7.87
23,Bongandanga,CD,2020-08-27 10:28:10,1.5,21.05,89.64,53,95,2.01
24,Sitka,US,2020-08-27 10:28:10,57.05,-135.33,51.8,87,90,3.36
25,Tuatapere,NZ,2020-08-27 10:28:11,-46.13,167.68,45.0,72,92,11.01
26,Isangel,VU,2020-08-27 10:28:11,-19.55,169.27,71.6,83,75,17.13
27,Ostrovnoy,RU,2020-08-27 10:28:11,68.05,39.51,52.23,94,100,9.22
28,Jamestown,US,2020-08-27 10:26:34,42.1,-79.24,73.0,88,40,9.17
29,Beacon,US,2020-08-27 10:28:11,41.5,-73.97,64.99,82,90,1.86
30,Ushuaia,AR,2020-08-27 10:28:08,-54.8,-68.3,35.6,80,20,3.65
31,Arraial Do Cabo,BR,2020-08-27 10:27:41,-22.97,-42.03,68.0,94,75,3.36
32,Akyab,MM,2020-08-27 10:28:11,20.15,92.9,83.41,81,100,8.14
33,Amapa,BR,2020-08-27 10:28:12,1.0,-52.0,71.2,94,2,1.72
34,Kununurra,AU,2020-08-27 10:28:12,-15.77,128.73,89.6,14,0,8.05
35,Atuona,PF,2020-08-27 10:28:12,-9.8,-139.03,78.12,75,13,22.26
36,Upernavik,GL,2020-08-27 10:28:12,72.79,-56.15,43.27,67,100,6.38
37,Vilhena,BR,2020-08-27 10:28:12,-12.74,-60.15,70.57,61,1,1.66
38,Cape Town,ZA,2020-08-27 10:28:12,-33.93,18.42,64.0,67,40,13.87
39,Chuy,UY,2020-08-27 10:28:12,-33.7,-53.46,59.58,97,99,2.37
40,Havoysund,NO,2020-08-27 10:28:12,71.0,24.66,46.4,87,75,25.28
41,Bluff,NZ,2020-08-27 10:28:13,-46.6,168.33,45.0,72,84,11.01
42,Yamada,JP,2020-08-27 10:28:13,39.47,141.95,78.42,87,2,10.27
43,Hobart,AU,2020-08-27 10:25:24,-42.88,147.33,45.0,75,75,16.11
44,Bilma,NE,2020-08-27 10:28:13,18.69,12.92,94.51,31,67,10.22
45,Nikolskoye,RU,2020-08-27 10:28:13,59.7,30.79,57.2,87,90,4.47
46,Ambon,ID,2020-08-27 10:28:13,-3.7,128.18,77.0,94,40,1.12
47,Gizo,SB,2020-08-27 10:28:13,-8.1,156.84,83.03,77,99,14.99
48,Port Elizabeth,ZA,2020-08-27 10:23:34,-33.92,25.57,62.6,72,20,11.41
49,Touros,BR,2020-08-27 10:28:14,-5.2,-35.46,73.4,83,40,6.93
50,Gurlan,UZ,2020-08-27 10:28:14,41.84,60.39,87.8,17,0,9.17
51,Ancud,CL,2020-08-27 10:28:14,-41.87,-73.82,44.01,100,90,2.24
52,Moerai,PF,2020-08-27 10:28:14,-22.43,-151.33,70.29,73,45,8.05
53,Mahebourg,MU,2020-08-27 10:28:14,-20.41,57.7,77.0,61,40,14.99
54,Olafsvik,IS,2020-08-27 10:28:14,64.89,-23.71,50.74,76,100,9.4
55,Husavik,IS,2020-08-27 10:28:14,66.04,-17.34,48.2,70,75,12.75
56,Fortuna,US,2020-08-27 10:28:14,40.6,-124.16,55.0,100,90,9.17
57,Hermanus,ZA,2020-08-27 10:28:15,-34.42,19.23,64.99,58,0,4.0
58,Westport,US,2020-08-27 10:27:32,41.14,-73.36,66.99,63,90,3.36
59,Avarua,CK,2020-08-27 10:28:15,-21.21,-159.78,71.6,68,0,3.36
60,Thompson,CA,2020-08-27 10:28:15,55.74,-97.86,44.6,100,40,3.36
61,Tiksi,RU,2020-08-27 10:24:06,71.69,128.87,44.15,72,0,5.35
62,Talnakh,RU,2020-08-27 10:28:15,69.49,88.4,68.0,60,9,11.18
63,Saint-Philippe,RE,2020-08-27 10:28:15,-21.36,55.77,80.6,47,44,9.17
64,Vaini,TO,2020-08-27 10:28:15,-21.2,-175.2,71.6,94,75,2.24
65,Punta Arenas,CL,2020-08-27 10:26:43,-53.15,-70.92,35.6,80,7,8.05
66,Manokwari,ID,2020-08-27 10:28:16,-0.87,134.08,82.18,74,57,6.35
67,Guerrero Negro,MX,2020-08-27 10:28:16,27.98,-114.06,71.69,85,0,3.22
68,Hithadhoo,MV,2020-08-27 10:28:16,-0.6,73.08,84.34,67,62,7.05
69,Tuktoyaktuk,CA,2020-08-27 10:28:16,69.45,-133.04,37.13,81,62,11.77
70,Nanortalik,GL,2020-08-27 10:28:16,60.14,-45.24,45.5,78,82,4.63
71,Hami,CN,2020-08-27 10:28:16,42.8,93.45,85.05,13,80,7.38
72,Aklavik,CA,2020-08-27 10:28:16,68.22,-135.01,39.2,93,75,9.17
73,Huarmey,PE,2020-08-27 10:28:17,-10.07,-78.15,60.44,87,72,8.16
74,Qaanaaq,GL,2020-08-27 10:28:17,77.48,-69.36,38.25,88,100,12.19
75,San Policarpo,PH,2020-08-27 10:28:17,12.18,125.51,83.3,78,100,2.17
76,Cidreira,BR,2020-08-27 10:28:17,-30.18,-50.21,60.89,80,67,3.78
77,Kloulklubed,PW,2020-08-27 10:28:17,7.04,134.26,82.4,78,75,6.93
78,Teahupoo,PF,2020-08-27 10:28:17,-17.83,-149.27,75.2,78,100,2.24
79,Georgetown,MY,2020-08-27 10:28:17,5.41,100.34,89.01,66,20,4.7
80,Charters Towers,AU,2020-08-27 10:28:17,-20.1,146.27,64.2,57,27,10.4
81,Lasa,IT,2020-08-27 10:28:18,46.62,10.7,66.2,45,20,6.93
82,Fereydun Kenar,IR,2020-08-27 10:28:18,36.69,52.52,80.6,61,20,9.17
83,Inhambane,MZ,2020-08-27 10:28:18,-23.86,35.38,78.8,69,40,9.17
84,Popova,RU,2020-08-27 10:28:18,42.96,131.72,80.6,61,40,11.18
85,Clyde River,CA,2020-08-27 10:28:18,70.47,-68.59,41.0,80,1,4.7
86,Dumbraveni,RO,2020-08-27 10:28:18,46.23,24.57,79.0,47,75,10.29
87,Bredasdorp,ZA,2020-08-27 10:28:18,-34.53,20.04,64.4,45,0,5.82
88,Sagana,KE,2020-08-27 10:28:18,-0.67,37.2,80.28,44,72,5.03
89,Tasiilaq,GL,2020-08-27 10:28:18,65.61,-37.64,35.6,93,40,6.93
90,Pakhtakoron,TJ,2020-08-27 10:28:19,40.16,68.75,81.07,30,3,5.19
91,Constitucion,CL,2020-08-27 10:28:19,-35.33,-72.42,45.95,88,12,4.09
92,Castro,BR,2020-08-27 10:28:19,-24.79,-50.01,45.73,67,0,1.97
93,New Norfolk,AU,2020-08-27 10:28:19,-42.78,147.06,45.0,85,98,1.99
94,Dunedin,NZ,2020-08-27 10:28:19,-45.87,170.5,43.0,90,66,1.99
95,Fairbanks,US,2020-08-27 10:25:02,64.84,-147.72,53.6,93,90,4.7
96,Iberia,US,2020-08-27 10:28:19,29.95,-91.75,80.6,94,90,31.09
97,Lebu,CL,2020-08-27 10:28:19,-37.62,-73.65,47.21,89,97,8.48
98,Sao Filipe,CV,2020-08-27 10:28:19,14.9,-24.5,77.85,85,82,5.41
99,Kapaa,US,2020-08-27 10:28:20,22.08,-159.32,72.0,78,40,14.99
100,Ribeira Grande,PT,2020-08-27 10:28:20,38.52,-28.7,75.2,94,40,2.24
101,Cherskiy,RU,2020-08-27 10:28:20,68.75,161.3,39.18,92,100,7.49
102,Souillac,MU,2020-08-27 10:28:20,-20.52,57.52,77.0,61,40,14.99
103,Sinop,TR,2020-08-27 10:28:20,41.77,34.87,77.0,65,67,12.75
104,Zhigalovo,RU,2020-08-27 10:28:20,54.81,105.16,68.81,51,56,5.03
105,Elizabeth City,US,2020-08-27 10:28:20,36.29,-76.25,75.2,94,1,9.17
106,Kasempa,ZM,2020-08-27 10:28:20,-13.46,25.83,90.61,20,85,6.38
107,Khatanga,RU,2020-08-27 10:28:21,71.97,102.5,69.87,48,11,6.87
108,Krasnoselkup,RU,2020-08-27 10:28:21,65.7,82.47,68.36,59,92,6.44
109,Adrar,MR,2020-08-27 10:28:21,20.5,-10.07,94.41,34,0,3.42
110,Vanimo,PG,2020-08-27 10:28:21,-2.67,141.3,80.78,81,2,7.4
111,Tatawin,TN,2020-08-27 10:28:21,32.93,10.45,84.2,48,0,6.93
112,Sobolevo,RU,2020-08-27 10:28:21,54.43,31.9,59.99,92,100,9.48
113,Esna,EG,2020-08-27 10:28:21,25.29,32.55,96.8,25,0,12.75
114,Bay Roberts,CA,2020-08-27 10:23:34,47.6,-53.26,54.0,1,0,7.43
115,Chokurdakh,RU,2020-08-27 10:24:06,70.63,147.92,38.8,84,100,9.26
116,Mehamn,NO,2020-08-27 10:28:22,71.04,27.85,46.4,75,75,9.17
117,Port Alfred,ZA,2020-08-27 10:28:22,-33.59,26.89,68.72,55,20,18.41
118,Bonthe,SL,2020-08-27 10:28:22,7.53,-12.51,79.99,80,71,10.54
119,Taltal,CL,2020-08-27 10:28:22,-25.4,-70.48,53.24,72,0,2.37
120,Dikson,RU,2020-08-27 10:28:22,73.51,80.55,46.08,96,60,5.32
121,Terrace Bay,CA,2020-08-27 10:28:22,48.78,-87.1,60.94,96,74,4.47
122,Puerto Ayora,EC,2020-08-27 10:28:23,-0.74,-90.35,64.0,96,8,5.01
123,Carnarvon,AU,2020-08-27 10:28:23,-24.87,113.63,69.8,73,63,11.41
124,Hollister,US,2020-08-27 10:26:08,36.85,-121.4,55.99,93,90,1.59
125,Ust-Tsilma,RU,2020-08-27 10:28:23,65.44,52.15,61.92,89,94,4.5
126,Te Anau,NZ,2020-08-27 10:28:23,-45.42,167.72,36.61,86,87,1.63
127,Asau,RO,2020-08-27 10:28:23,46.43,26.4,84.2,37,20,13.87
128,Myitkyina,MM,2020-08-27 10:28:23,25.38,97.4,89.46,66,51,2.26
129,Vostok,RU,2020-08-27 10:28:24,46.49,135.88,63.59,94,100,1.81
130,Hernani,ES,2020-08-27 10:28:24,43.27,-1.98,82.4,58,0,1.12
131,Sur,OM,2020-08-27 10:24:16,22.57,59.53,91.76,56,0,3.51
132,Shelburne,CA,2020-08-27 10:28:24,44.08,-80.2,66.2,88,90,5.82
133,Katima Mulilo,NA,2020-08-27 10:28:24,-17.5,24.27,93.2,10,35,5.82
134,Tashara,RU,2020-08-27 10:28:24,55.52,83.51,66.0,75,77,4.14
135,Sainte-Maxime,FR,2020-08-27 10:28:24,43.3,6.63,93.2,20,1,17.22
136,Torbay,CA,2020-08-27 10:28:25,47.67,-52.73,55.99,87,40,6.93
137,Trogir,HR,2020-08-27 10:28:25,43.51,16.25,88.0,43,20,4.7
138,Kodiak,US,2020-08-27 10:28:25,57.79,-152.41,48.2,87,90,4.7
139,Altay,CN,2020-08-27 10:28:25,47.87,88.12,68.14,31,100,8.43
140,Cap Malheureux,MU,2020-08-27 10:28:25,-19.98,57.61,77.0,65,1,8.01
141,Caravelas,BR,2020-08-27 10:28:25,-17.71,-39.25,70.09,89,52,7.05
142,Oliveira Dos Brejinhos,BR,2020-08-27 10:28:25,-12.32,-42.9,61.41,46,29,4.61
143,Naron,ES,2020-08-27 10:28:25,43.52,-8.15,71.6,88,75,3.36
144,Progreso,MX,2020-08-27 10:28:26,21.28,-89.67,77.0,92,73,9.93
145,Nador,MA,2020-08-27 10:28:26,35.17,-2.93,89.6,74,0,6.93
146,Challapata,BO,2020-08-27 10:28:26,-18.9,-66.77,34.07,80,0,0.58
147,Vila,PT,2020-08-27 10:28:26,42.03,-8.16,78.01,66,13,5.99
148,Kroya,ID,2020-08-27 10:28:26,-7.63,109.25,72.0,74,46,10.94
149,Awjilah,LY,2020-08-27 10:28:26,29.11,21.29,91.0,29,0,7.76
150,Saint Anthony,US,2020-08-27 10:28:26,45.02,-93.22,73.99,88,1,6.2
151,Miri,MY,2020-08-27 10:28:27,4.41,114.01,84.2,74,40,8.05
152,Esperance,AU,2020-08-27 10:28:27,-33.87,121.9,59.0,93,0,11.41
153,Simplicio Mendes,BR,2020-08-27 10:28:27,-7.85,-41.91,71.85,62,14,11.39
154,Centralia,US,2020-08-27 10:25:54,46.72,-122.95,53.01,100,20,1.23
155,Tura,IN,2020-08-27 10:25:11,25.52,90.22,82.24,81,34,5.79
156,Faya,SA,2020-08-27 10:28:27,18.39,42.45,86.0,57,75,13.87
157,Port Macquarie,AU,2020-08-27 10:25:04,-31.43,152.92,50.0,91,28,6.76
158,Aasiaat,GL,2020-08-27 10:28:27,68.71,-52.87,39.45,73,100,9.28
159,Richards Bay,ZA,2020-08-27 10:28:28,-28.78,32.04,71.94,47,25,13.42
160,Aksu,CN,2020-08-27 10:28:28,41.12,80.26,87.35,18,100,2.19
161,Bengkulu,ID,2020-08-27 10:25:39,-3.8,102.27,83.26,70,15,9.4
162,Qostanay,KZ,2020-08-27 10:28:28,53.17,63.58,78.8,39,3,6.71
163,Rocha,UY,2020-08-27 10:28:28,-34.48,-54.33,59.49,93,100,9.93
164,Qaqortoq,GL,2020-08-27 10:28:28,60.72,-46.03,44.6,75,75,4.7
165,Leku,ET,2020-08-27 10:28:28,6.87,38.45,69.82,72,97,6.22
166,Birao,CF,2020-08-27 10:28:28,10.28,22.79,86.09,67,21,4.32
167,Sirnak,TR,2020-08-27 10:28:29,37.52,42.46,100.4,13,0,4.7
168,Mitsamiouli,KM,2020-08-27 10:28:29,-11.38,43.28,80.6,74,40,12.75
169,Cortes,ES,2020-08-27 10:28:29,41.94,-1.44,84.2,42,0,6.93
170,Zhangjiakou,CN,2020-08-27 10:28:29,40.81,114.88,76.03,58,65,4.34
171,Airai,TL,2020-08-27 10:28:29,-8.93,125.41,58.44,80,87,5.3
172,Nyurba,RU,2020-08-27 10:28:29,63.28,118.33,59.38,45,0,1.39
173,Atar,MR,2020-08-27 10:28:29,20.52,-13.05,87.8,52,62,6.93
174,Tezu,IN,2020-08-27 10:28:29,27.92,96.17,86.65,71,30,0.85
175,Elko,US,2020-08-27 10:28:30,41.0,-115.5,63.0,58,1,1.72
176,Abu Dhabi,AE,2020-08-27 10:23:54,24.47,54.37,105.8,43,20,13.87
177,Trincomalee,LK,2020-08-27 10:28:03,8.57,81.23,85.14,73,73,17.85
178,Chhindwara,IN,2020-08-27 10:28:30,22.07,78.93,72.66,94,100,10.8
179,Lavrentiya,RU,2020-08-27 10:28:30,65.58,-171.0,44.73,91,48,1.21
180,Roros,NO,2020-08-27 10:28:30,62.57,11.38,48.2,66,75,11.41
181,Santa Marta,CO,2020-08-27 10:28:30,11.24,-74.2,75.99,89,68,3.62
182,Cam Ranh,VN,2020-08-27 10:28:30,11.92,109.16,91.4,59,40,3.36
183,Santiago Del Estero,AR,2020-08-27 10:28:31,-27.8,-64.26,61.72,52,90,9.44
184,La Ronge,CA,2020-08-27 10:28:31,55.1,-105.28,51.8,93,5,6.93
185,Independencia,BR,2020-08-27 10:28:31,-5.4,-40.31,73.65,75,55,5.55
186,Prince Rupert,CA,2020-08-27 10:28:31,54.32,-130.32,50.0,93,1,2.24
187,Bethel,US,2020-08-27 10:28:31,41.37,-73.41,62.6,88,90,3.36
188,Caconda,AO,2020-08-27 10:28:31,-13.73,15.07,79.95,26,22,7.54
189,Kano,NG,2020-08-27 10:28:31,12.0,8.52,82.4,74,20,6.93
190,Barabai,ID,2020-08-27 10:28:32,-2.58,115.38,82.99,66,91,2.04
191,Manta,EC,2020-08-27 10:26:21,-0.95,-80.73,67.03,83,100,3.87
192,Port Lincoln,AU,2020-08-27 10:28:32,-34.73,135.87,54.46,85,0,6.71
193,Meadow Lake,US,2020-08-27 10:28:32,34.8,-106.54,71.6,53,40,3.36
194,Udachnyy,RU,2020-08-27 10:24:06,66.42,112.4,67.55,32,64,3.33
195,Ouadda,CF,2020-08-27 10:28:32,8.08,22.4,86.13,63,50,2.35
196,Tazmalt,DZ,2020-08-27 10:28:32,36.39,4.4,82.4,65,0,5.82
197,Vuktyl,RU,2020-08-27 10:28:33,63.86,57.31,63.68,79,100,13.13
198,Riyadh,SA,2020-08-27 10:28:33,24.69,46.72,105.8,12,11,6.93
199,Parelhas,BR,2020-08-27 10:28:33,-6.69,-36.66,71.28,63,28,18.43
200,Carutapera,BR,2020-08-27 10:28:33,-1.2,-46.02,78.39,86,46,6.17
201,Hamilton,US,2020-08-27 10:28:33,39.18,-84.53,75.99,94,1,6.93
202,Provideniya,RU,2020-08-27 10:28:33,64.38,-173.3,50.32,79,90,0.27
203,Yellowknife,CA,2020-08-27 10:28:33,62.46,-114.35,53.6,100,90,6.93
204,Kyshtovka,RU,2020-08-27 10:28:34,56.55,76.63,66.72,64,76,9.08
205,Wattegama,LK,2020-08-27 10:28:34,6.8,81.48,89.6,62,75,14.99
206,Portree,GB,2020-08-27 10:28:34,57.41,-6.19,52.0,87,100,14.0
207,Zharkent,KZ,2020-08-27 10:28:34,44.16,80.0,67.3,48,99,2.17
208,Lensk,RU,2020-08-27 10:28:34,60.73,114.93,64.11,38,23,5.21
209,Khudumelapye,BW,2020-08-27 10:28:34,-23.88,24.75,80.89,23,18,15.05
210,Ramhormoz,IR,2020-08-27 10:28:34,31.28,49.6,111.2,16,0,6.93
211,Saskylakh,RU,2020-08-27 10:28:34,71.92,114.08,68.32,43,0,3.44
212,Mar Del Plata,AR,2020-08-27 10:24:35,-38.0,-57.56,46.99,100,20,10.29
213,Mayo,US,2020-08-27 10:28:35,38.89,-76.51,77.0,88,1,3.36
214,Kaputa,ZM,2020-08-27 10:28:35,-8.47,29.66,86.47,30,14,4.85
215,Norman Wells,CA,2020-08-27 10:28:35,65.28,-126.83,48.2,93,40,3.36
216,Dingle,PH,2020-08-27 10:28:35,11.0,122.67,80.46,84,30,6.76
217,Havelock,US,2020-08-27 10:28:35,34.88,-76.9,75.99,83,1,3.36
218,Mayya,RU,2020-08-27 10:28:35,61.73,130.28,62.6,21,0,6.71
219,Port Hardy,CA,2020-08-27 10:28:36,50.7,-127.42,46.4,100,5,3.36
220,Chara,RU,2020-08-27 10:28:36,56.91,118.26,61.48,45,0,4.85
221,Lazaro Cardenas,MX,2020-08-27 10:28:36,17.96,-102.2,76.96,92,100,8.39
222,Orikum,AL,2020-08-27 10:28:36,40.33,19.47,82.76,52,0,11.39
223,Umm Kaddadah,SD,2020-08-27 10:28:36,13.6,26.69,88.23,49,71,19.53
224,Victoria,HK,2020-08-27 10:26:09,22.29,114.16,87.01,66,56,11.01
225,San Juan,AR,2020-08-27 10:25:01,-31.54,-68.54,44.94,66,0,2.19
226,Shanhetun,CN,2020-08-27 10:28:36,44.7,127.2,70.63,94,100,22.1
227,Sofiyivka,UA,2020-08-27 10:28:37,48.05,33.87,82.4,28,54,8.95
228,Kidal,ML,2020-08-27 10:26:03,18.44,1.41,94.89,36,3,12.12
229,Lompoc,US,2020-08-27 10:24:55,34.64,-120.46,55.4,93,90,8.05
230,Pouebo,NC,2020-08-27 10:28:37,-20.4,164.57,67.12,76,52,16.33
231,Bela,IN,2020-08-27 10:28:37,25.93,81.98,91.49,61,93,13.76
232,Paamiut,GL,2020-08-27 10:28:37,61.99,-49.67,43.5,67,100,5.53
233,Pital,CO,2020-08-27 10:28:37,2.27,-75.8,64.08,76,62,3.67
234,Bronnoysund,NO,2020-08-27 10:28:37,65.46,12.2,51.8,81,40,4.7
235,Kamina,CD,2020-08-27 10:28:38,-8.74,24.99,96.21,26,98,1.88
236,Puerto Leguizamo,CO,2020-08-27 10:28:38,-0.19,-74.78,69.04,85,12,2.21
237,Zatoka,UA,2020-08-27 10:28:38,46.07,30.47,84.2,42,0,15.66
238,Ilulissat,GL,2020-08-27 10:28:38,69.22,-51.1,42.8,70,75,6.55
239,Sabang,ID,2020-08-27 10:28:38,5.89,95.32,84.45,67,76,5.97
240,Sinnamary,GF,2020-08-27 10:28:38,5.38,-52.95,78.31,85,1,2.15
241,Soria,ES,2020-08-27 10:28:38,41.67,-2.67,81.0,41,0,6.06
242,Sisimiut,GL,2020-08-27 10:28:39,66.94,-53.67,47.37,67,27,4.14
243,Chervona Sloboda,UA,2020-08-27 10:28:39,49.38,32.15,79.38,41,63,8.01
244,Luderitz,NA,2020-08-27 10:28:39,-26.65,15.16,64.08,51,0,18.1
245,Comodoro Rivadavia,AR,2020-08-27 10:28:11,-45.87,-67.5,48.2,61,61,9.17
246,Moranbah,AU,2020-08-27 10:28:39,-22.0,148.05,61.5,67,30,9.62
247,Finnsnes,NO,2020-08-27 10:28:39,69.23,17.98,50.0,66,75,17.22
248,Ciudad Bolivar,VE,2020-08-27 10:28:39,8.12,-63.55,74.84,93,2,4.43
249,Santa Isabel Do Rio Negro,BR,2020-08-27 10:28:39,-0.41,-65.02,73.02,91,73,2.84
250,Semey,KZ,2020-08-27 10:24:04,50.41,80.23,71.6,53,40,20.13
251,Seoul,KR,2020-08-27 10:24:42,37.57,126.98,84.2,78,75,9.01
252,Grindavik,IS,2020-08-27 10:28:40,63.84,-22.43,50.0,76,75,8.05
253,Angoche,MZ,2020-08-27 10:28:40,-16.23,39.91,80.74,67,85,9.82
254,Avallon,FR,2020-08-27 10:28:40,47.48,3.9,69.66,60,100,5.5
255,Broome,US,2020-08-27 10:28:40,42.25,-75.83,62.01,87,90,4.7
256,Tarko-Sale,RU,2020-08-27 10:28:40,64.92,77.78,68.0,62,65,10.31
257,Wuwei,CN,2020-08-27 10:28:40,37.93,102.64,77.77,20,0,5.61
258,Baracoa,CU,2020-08-27 10:28:40,20.35,-74.5,79.12,83,26,1.9
259,Korla,CN,2020-08-27 10:28:41,41.76,86.15,84.87,14,92,23.67
260,Fuxin,CN,2020-08-27 10:28:41,42.02,121.66,68.9,88,100,9.33
261,Saint-Joseph,RE,2020-08-27 10:28:41,-21.37,55.62,80.6,47,34,9.17
262,Zhezkazgan,KZ,2020-08-27 10:28:41,47.8,67.71,84.2,25,75,8.95
263,Vilyuysk,RU,2020-08-27 10:28:41,63.76,121.62,58.28,45,0,1.61
264,Moose Factory,CA,2020-08-27 10:28:41,51.26,-80.61,41.0,93,90,3.36
265,Ous,RU,2020-08-27 10:28:42,60.91,61.52,69.75,60,100,8.46
266,Hofn,IS,2020-08-27 10:28:42,64.25,-15.21,50.0,76,75,4.7
267,Salalah,OM,2020-08-27 10:28:42,17.02,54.09,78.8,94,90,11.41
268,Xining,CN,2020-08-27 10:28:42,36.62,101.77,71.74,36,38,16.24
269,Greytown,ZA,2020-08-27 10:28:42,-29.06,30.59,67.06,32,0,8.57
270,Yerbogachen,RU,2020-08-27 10:24:40,61.28,108.01,62.78,50,100,5.73
271,Acajutla,SV,2020-08-27 10:28:42,13.59,-89.83,68.0,100,100,3.89
272,Henties Bay,NA,2020-08-27 10:28:42,-22.12,14.28,60.01,85,1,8.01
273,Hakui,JP,2020-08-27 10:28:43,36.88,136.78,86.0,77,22,5.75
274,Leningradskiy,RU,2020-08-27 10:28:43,69.38,178.42,38.93,94,100,4.27
275,Bani,DO,2020-08-27 10:28:43,18.28,-70.33,80.01,85,22,3.0
276,Sosva,RU,2020-08-27 10:28:43,59.18,61.86,72.37,59,97,8.25
277,Whitehorse,CA,2020-08-27 10:24:34,60.72,-135.05,46.4,70,40,12.75
278,Mungwi,ZM,2020-08-27 10:28:43,-10.17,31.37,89.47,23,66,5.61
279,Svetlyy,RU,2020-08-27 10:28:43,54.67,20.13,68.0,72,40,11.18
280,Sena Madureira,BR,2020-08-27 10:28:43,-9.07,-68.66,68.13,62,0,1.48
281,Bucerias,MX,2020-08-27 10:28:44,20.75,-105.33,77.0,100,80,5.06
282,Santo Tomas,PH,2020-08-27 10:28:44,14.11,121.14,87.01,70,76,14.99
283,Loukhi,RU,2020-08-27 10:28:44,66.08,33.04,48.38,90,100,9.35
284,Longyearbyen,SJ,2020-08-27 10:28:44,78.22,15.64,39.2,73,75,11.41
285,Rabo De Peixe,PT,2020-08-27 10:28:44,37.8,-25.58,75.2,94,40,8.05
286,Karratha,AU,2020-08-27 10:23:56,-20.74,116.85,80.6,48,0,15.01
287,Langres,FR,2020-08-27 10:28:44,47.83,5.33,73.4,49,100,6.93
288,Japura,ID,2020-08-27 10:28:44,-0.32,102.35,88.21,54,41,2.64
289,Mount Pleasant,US,2020-08-27 10:28:44,32.79,-79.86,77.0,100,20,2.37
290,Sao Joao Da Barra,BR,2020-08-27 10:24:54,-21.64,-41.05,68.0,88,75,2.24
291,Verkhoyansk,RU,2020-08-27 10:28:45,67.54,133.38,51.71,43,35,6.4
292,Simao,CN,2020-08-27 10:28:45,22.79,100.97,84.15,51,0,2.59
293,Belmonte,BR,2020-08-27 10:28:45,-15.86,-38.88,66.2,82,40,9.17
294,Burgeo,CA,2020-08-27 10:28:45,47.62,-57.62,56.03,66,16,21.88
295,Kenora,CA,2020-08-27 10:28:45,49.82,-94.43,55.4,100,40,6.93
296,Terney,RU,2020-08-27 10:28:45,45.05,136.61,67.96,85,78,2.51
297,Virginia Beach,US,2020-08-27 10:26:38,36.85,-75.98,75.99,73,1,6.93
298,Mikhaylovka,RU,2020-08-27 10:28:45,50.06,43.24,86.0,39,0,8.99
299,Victoriaville,CA,2020-08-27 10:26:23,46.05,-71.97,43.0,93,1,4.18
300,Saint George,US,2020-08-27 10:28:46,37.1,-113.58,82.99,24,1,6.93
301,Lara,AU,2020-08-27 10:28:46,-38.02,144.4,48.2,100,75,18.34
302,Torbat-E Jam,IR,2020-08-27 10:28:46,35.24,60.62,80.89,16,0,21.52
303,Almonte,ES,2020-08-27 10:28:46,37.26,-6.52,91.99,33,0,3.71
304,Marawi,PH,2020-08-27 10:28:46,8.0,124.29,71.82,90,100,4.54
305,Asyut,EG,2020-08-27 10:28:46,27.18,31.18,93.2,34,0,10.29
306,Tomigusuku,JP,2020-08-27 10:28:46,26.18,127.67,82.4,83,75,12.75
307,Severo-Kurilsk,RU,2020-08-27 10:28:47,50.68,156.12,50.92,86,88,14.92
308,Aguas Formosas,BR,2020-08-27 10:28:47,-17.08,-40.94,63.59,83,25,1.52
309,Makubetsu,JP,2020-08-27 10:28:47,45.37,141.82,69.8,100,90,5.82
310,Birur,IN,2020-08-27 10:28:47,13.62,75.97,82.24,52,100,11.59
311,Nioro,GM,2020-08-27 10:28:47,13.35,-15.75,77.4,90,100,4.27
312,Samfya,ZM,2020-08-27 10:28:47,-11.36,29.56,87.42,27,71,4.68
313,Rosetta,EG,2020-08-27 10:28:47,31.4,30.42,86.0,58,40,11.41
314,Lorengau,PG,2020-08-27 10:28:47,-2.02,147.27,81.45,80,32,7.92
315,Chumikan,RU,2020-08-27 10:28:48,54.72,135.31,53.33,92,71,4.81
316,Hervey Bay,AU,2020-08-27 10:28:26,-25.3,152.85,60.01,67,1,3.36
317,Tunceli,TR,2020-08-27 10:28:48,39.11,39.55,93.2,16,0,3.36
318,Kalabo,ZM,2020-08-27 10:28:48,-14.97,22.68,92.41,12,70,7.9
319,Yulara,AU,2020-08-27 10:28:48,-25.24,130.99,78.8,15,0,6.93
320,Bandar-E Anzali,IR,2020-08-27 10:28:48,37.47,49.46,82.4,54,40,6.93
321,La Union,PE,2020-08-27 10:28:48,-5.4,-80.75,59.58,88,22,5.82
322,Kaohsiung,TW,2020-08-27 10:28:48,22.62,120.31,77.0,100,75,8.05
323,Narsaq,GL,2020-08-27 10:28:49,60.92,-46.05,44.6,75,75,4.7
324,Bandarbeyla,SO,2020-08-27 10:28:49,9.49,50.81,90.07,46,90,27.76
325,Broken Hill,AU,2020-08-27 10:28:49,-31.95,141.43,59.0,26,0,6.93
326,Placerville,US,2020-08-27 10:25:27,38.73,-120.8,68.0,56,75,6.93
327,Anadyr,RU,2020-08-27 10:28:49,64.75,177.48,44.6,87,40,6.71
328,Ust-Kuyga,RU,2020-08-27 10:28:49,70.02,135.6,48.65,52,0,4.45
329,Zhuzhou,CN,2020-08-27 10:28:13,27.83,113.15,93.2,46,0,6.71
330,Huilong,CN,2020-08-27 10:28:49,31.81,121.66,88.0,93,48,6.29
331,Mirnyy,RU,2020-08-27 10:28:50,62.54,113.96,64.4,25,31,8.95
332,Mustafakemalpasa,TR,2020-08-27 10:28:50,40.04,28.41,86.0,65,20,12.75
333,Montorio Al Vomano,IT,2020-08-27 10:28:50,42.58,13.64,88.0,13,0,5.99
334,Pinotepa Nacional,MX,2020-08-27 10:28:50,16.32,-98.02,71.46,96,100,2.01
335,Puerto Quijarro,BO,2020-08-27 10:28:50,-17.78,-57.77,75.25,47,0,0.6
336,Horsham,GB,2020-08-27 10:24:45,51.06,-0.33,64.99,68,75,8.05
337,Kandrian,PG,2020-08-27 10:28:50,-6.22,149.55,78.71,86,67,14.47
338,Ovsyanka,RU,2020-08-27 10:28:50,55.96,92.55,64.4,59,86,6.71
339,Kingisepp,RU,2020-08-27 10:28:51,59.37,28.61,53.15,94,100,7.07
340,Nishihara,JP,2020-08-27 10:28:51,26.18,127.76,82.4,78,90,10.29
341,Tay Ninh,VN,2020-08-27 10:28:51,11.3,106.1,92.26,57,100,2.64
342,Mugan,CN,2020-08-27 10:28:51,35.94,101.38,79.05,28,7,9.33
343,Lieksa,FI,2020-08-27 10:28:47,63.32,30.02,56.75,65,23,6.13
344,Halifax,CA,2020-08-27 10:28:51,44.65,-63.57,55.0,62,20,13.87
345,Kulhudhuffushi,MV,2020-08-27 10:28:51,6.62,73.07,83.05,72,85,16.2
346,Kupang,ID,2020-08-27 10:28:52,-10.17,123.58,80.6,51,20,19.46
347,Mount Gambier,AU,2020-08-27 10:28:52,-37.83,140.77,44.6,87,43,8.05
348,Kattivakkam,IN,2020-08-27 10:28:52,13.22,80.32,96.8,47,75,4.7
349,Pittsburg,US,2020-08-27 10:28:52,38.03,-121.88,61.0,82,1,12.75
350,Port Hedland,AU,2020-08-27 10:28:52,-20.32,118.57,80.6,44,0,9.17
351,Thinadhoo,MV,2020-08-27 10:28:52,0.53,72.93,84.07,71,61,11.18
352,Saint-Augustin,CA,2020-08-27 10:27:33,51.23,-58.65,52.29,72,34,16.53
353,Kieta,PG,2020-08-27 10:28:52,-6.22,155.63,79.83,78,97,7.43
354,Seydi,TM,2020-08-27 10:28:52,39.48,62.91,89.26,15,0,13.27
355,Shahr-E Kord,IR,2020-08-27 10:28:53,32.33,50.86,84.2,17,20,6.93
356,Fort Nelson,CA,2020-08-27 10:28:53,58.81,-122.7,50.0,93,75,2.24
357,Bedele,ET,2020-08-27 10:28:53,8.46,36.35,68.79,89,16,2.62
358,Millinocket,US,2020-08-27 10:28:53,45.66,-68.71,51.8,53,1,10.29
359,Bakchar,RU,2020-08-27 10:28:53,57.02,82.07,66.52,58,87,2.73
360,Huntington,US,2020-08-27 10:28:53,38.42,-82.45,72.0,94,1,4.32
361,Deputatskiy,RU,2020-08-27 10:28:53,69.3,139.9,39.47,73,9,9.15
362,Balkhash,KZ,2020-08-27 10:28:53,46.84,74.98,78.8,27,100,17.9
363,Tupiza,BO,2020-08-27 10:28:54,-21.45,-65.72,44.13,49,64,5.97
364,Ossora,RU,2020-08-27 10:28:54,59.24,163.07,48.6,80,100,11.54
365,Zvishavane,ZW,2020-08-27 10:28:54,-20.33,30.07,78.37,39,46,10.45
366,Vao,NC,2020-08-27 10:28:54,-22.67,167.48,67.05,71,11,20.47
367,Pochutla,MX,2020-08-27 10:28:54,15.74,-96.47,73.0,90,100,3.78
368,Zhigansk,RU,2020-08-27 10:28:54,66.77,123.37,54.88,50,76,4.18
369,Medvedka,RU,2020-08-27 10:28:54,61.16,46.39,66.34,57,51,8.05
370,Codrington,AU,2020-08-27 10:28:55,-38.27,141.97,48.22,61,45,16.89
371,Matagami,CA,2020-08-27 10:28:55,49.75,-77.63,35.6,100,90,3.04
372,Iracoubo,GF,2020-08-27 10:28:55,5.48,-53.2,77.72,87,6,1.03
373,Paita,PE,2020-08-27 10:28:55,-5.09,-81.11,59.81,88,35,9.84
374,College,US,2020-08-27 10:28:55,64.86,-147.8,53.6,87,75,3.36
375,Bambous Virieux,MU,2020-08-27 10:28:55,-20.34,57.76,77.0,61,40,14.99
376,Kolondieba,ML,2020-08-27 10:28:55,11.09,-6.89,78.75,82,79,7.18
377,Mbanza-Ngungu,CD,2020-08-27 10:28:56,-5.25,14.87,83.12,50,80,7.23
378,Alta Floresta,BR,2020-08-27 10:28:56,-9.88,-56.09,69.78,87,93,2.44
379,Talcahuano,CL,2020-08-27 10:28:56,-36.72,-73.12,42.8,100,57,2.24
380,Itarema,BR,2020-08-27 10:28:56,-2.92,-39.92,78.82,69,99,15.26
381,Batagay,RU,2020-08-27 10:28:56,67.63,134.63,48.07,51,61,3.49
382,Fukue,JP,2020-08-27 10:28:56,32.69,128.84,80.6,94,75,10.29
383,Catamarca,AR,2020-08-27 10:27:42,-28.47,-65.79,53.01,69,0,6.04
384,Bubaque,GW,2020-08-27 10:28:56,11.28,-15.83,80.44,79,98,10.33
385,Saint-Pierre,RE,2020-08-27 10:28:57,-21.34,55.48,80.6,47,27,9.17
386,Flin Flon,CA,2020-08-27 10:28:57,54.77,-101.86,52.65,79,49,4.5
387,Olinda,BR,2020-08-27 10:28:57,-8.01,-34.86,73.4,73,40,5.82
388,North Bend,US,2020-08-27 10:25:49,43.41,-124.22,55.0,100,40,4.7
389,Orshanka,RU,2020-08-27 10:28:57,56.92,47.89,70.54,60,77,6.67
390,Arshan,RU,2020-08-27 10:28:57,46.27,44.22,87.8,23,79,4.47
391,The Valley,AI,2020-08-27 10:28:57,18.22,-63.06,84.2,79,40,10.29
392,Luanda,AO,2020-08-27 10:28:58,-8.84,13.23,77.0,73,75,9.17
393,Sulangan,PH,2020-08-27 10:28:58,11.14,123.72,86.77,65,55,3.96
394,Shubarshi,KZ,2020-08-27 10:28:58,48.59,57.19,88.23,17,2,3.94
395,San Patricio,MX,2020-08-27 10:28:58,19.22,-104.7,76.75,85,85,6.4
396,Hovd,MN,2020-08-27 10:28:58,48.01,91.64,62.94,31,92,6.69
397,Tabuk,PH,2020-08-27 10:24:21,17.42,121.44,82.69,72,100,2.66
398,Wanning,CN,2020-08-27 10:28:59,18.8,110.4,83.43,80,100,2.42
399,Omboue,GA,2020-08-27 10:28:59,-1.57,9.26,80.87,69,36,10.18
400,Hambantota,LK,2020-08-27 10:28:59,6.12,81.12,89.6,62,75,14.99
401,Saldanha,ZA,2020-08-27 10:28:59,-33.01,17.94,62.6,67,2,13.87
402,Nynashamn,SE,2020-08-27 10:28:59,58.9,17.95,68.0,42,40,11.41
403,Iquique,CL,2020-08-27 10:29:00,-20.22,-70.14,60.8,72,90,4.7
404,San Quintin,MX,2020-08-27 10:29:00,30.48,-115.95,70.93,81,0,10.71
405,Port-Cartier,CA,2020-08-27 10:29:00,50.03,-66.87,53.01,71,75,14.99
406,Khawhai,IN,2020-08-27 10:29:00,23.37,93.12,70.12,100,63,2.08
407,Newtownards,GB,2020-08-27 10:29:01,54.59,-5.69,57.0,93,100,2.24
408,Dovolnoye,RU,2020-08-27 10:29:01,54.5,79.67,68.41,66,91,7.56
409,Port Moresby,PG,2020-08-27 10:29:01,-9.44,147.18,76.32,87,97,18.07
410,Jennings,US,2020-08-27 10:29:01,38.72,-90.26,79.0,83,75,4.7
411,Namatanai,PG,2020-08-27 10:29:02,-3.67,152.43,80.37,79,52,7.07
412,San Cristobal,VE,2020-08-27 10:29:02,7.77,-72.22,63.41,83,46,2.71
413,Changji,CN,2020-08-27 10:29:02,44.02,87.32,80.01,29,26,13.42
414,Leua,SK,2020-08-27 10:29:02,48.22,18.61,75.99,49,46,14.0
415,Oranjemund,NA,2020-08-27 10:29:02,-28.55,16.43,58.66,73,99,8.66
416,Bilibino,RU,2020-08-27 10:29:02,68.05,166.44,40.75,88,100,2.89
417,Sturgis,US,2020-08-27 10:29:03,41.8,-85.42,73.4,94,90,4.7
418,Brownwood,US,2020-08-27 10:27:58,31.71,-98.99,71.6,88,90,5.14
419,Camargo,MX,2020-08-27 10:29:03,27.67,-105.17,72.32,53,22,1.43
420,Ketchikan,US,2020-08-27 10:29:03,55.34,-131.65,53.6,100,90,2.98
421,Maracaju,BR,2020-08-27 10:29:03,-21.61,-55.17,62.33,61,0,5.1
422,Kavaratti,IN,2020-08-27 10:29:03,10.57,72.64,82.44,73,100,13.4
423,Kirensk,RU,2020-08-27 10:29:03,57.79,108.11,75.24,37,1,5.17
424,Carballo,ES,2020-08-27 10:29:03,43.21,-8.69,71.6,88,75,3.36
425,Flinders,AU,2020-08-27 10:29:04,-34.58,150.86,59.0,57,1,3.0
426,Katsuura,JP,2020-08-27 10:29:04,35.13,140.3,86.0,76,3,1.01
427,Northam,GB,2020-08-27 10:29:04,51.03,-4.22,55.99,95,75,5.01
428,Kantang,TH,2020-08-27 10:29:04,7.41,99.52,87.8,70,20,9.17
429,Novobirilyussy,RU,2020-08-27 10:29:04,56.95,90.67,60.19,87,95,5.32
430,Kabwe,ZM,2020-08-27 10:29:04,-14.45,28.45,89.29,19,59,6.38
431,Pinega,RU,2020-08-27 10:29:05,64.7,43.39,55.99,71,90,9.91
432,Jumla,NP,2020-08-27 10:29:05,29.27,82.18,78.01,95,62,4.38
433,Thunder Bay,CA,2020-08-27 10:25:06,48.4,-89.32,64.0,100,75,4.7
434,Odienne,CI,2020-08-27 10:29:05,9.51,-7.57,73.22,93,97,2.84
435,Dauphin,CA,2020-08-27 10:29:05,51.15,-100.05,48.2,100,1,5.82
436,Bombay,IN,2020-08-27 10:28:43,19.01,72.85,87.8,74,75,9.17
437,Viking,CA,2020-08-27 10:29:05,53.1,-111.77,54.0,78,93,5.99
438,Cayenne,GF,2020-08-27 10:27:46,4.93,-52.33,75.2,100,20,1.43
439,Burns Lake,CA,2020-08-27 10:29:06,54.23,-125.75,41.31,90,1,1.61
440,Saint-Pierre-Des-Corps,FR,2020-08-27 10:29:06,47.38,0.73,69.8,60,100,10.29
441,Iqaluit,CA,2020-08-27 10:29:06,63.75,-68.51,42.8,87,75,3.36
442,Inverell,AU,2020-08-27 10:29:06,-29.78,151.12,48.99,75,6,2.04
443,Snezhnogorsk,RU,2020-08-27 10:29:06,69.19,33.25,50.0,93,75,8.95
444,Troitskoye,RU,2020-08-27 10:29:07,52.98,84.68,74.8,47,17,7.56
445,Nuuk,GL,2020-08-27 10:29:07,64.18,-51.72,41.0,93,75,2.24
446,Vardo,NO,2020-08-27 10:29:07,70.37,31.11,48.2,76,75,29.97
447,Havre-Saint-Pierre,CA,2020-08-27 10:29:07,50.23,-63.6,44.6,100,90,5.82
448,Avera,US,2020-08-27 10:29:07,33.19,-82.53,71.6,92,1,3.36
449,Nhulunbuy,AU,2020-08-27 10:29:07,-12.23,136.77,75.2,78,1,10.29
450,Garissa,KE,2020-08-27 10:29:08,-0.45,39.64,89.96,37,55,18.75
451,Katoro,TZ,2020-08-27 10:29:08,-3.02,31.9,91.06,20,0,6.2
452,Joshimath,IN,2020-08-27 10:29:08,30.57,79.57,74.1,53,68,6.29
453,Bitung,ID,2020-08-27 10:29:08,1.45,125.18,82.4,78,20,3.36
454,Kudahuvadhoo,MV,2020-08-27 10:29:08,2.67,72.89,83.84,70,12,14.9
455,Khandyga,RU,2020-08-27 10:29:08,62.67,135.6,52.48,52,0,4.36
456,Namibe,AO,2020-08-27 10:29:08,-15.2,12.15,66.2,77,90,4.7
457,Lerwick,GB,2020-08-27 10:29:08,60.15,-1.15,51.8,93,75,6.93
458,Vila Velha,BR,2020-08-27 10:27:40,-20.33,-40.29,69.8,83,75,5.82
459,Hasaki,JP,2020-08-27 10:28:21,35.73,140.83,82.0,88,20,4.7
460,Abbeville,FR,2020-08-27 10:29:09,50.1,1.83,66.99,68,40,10.29
461,Hammerfest,NO,2020-08-27 10:29:09,70.66,23.68,46.4,87,75,25.28
462,Mastic Beach,US,2020-08-27 10:29:09,40.77,-72.85,68.0,72,90,2.77
463,Abu Samrah,SY,2020-08-27 10:29:09,35.3,37.18,93.79,21,0,8.68
464,Kasongo-Lunda,CD,2020-08-27 10:29:09,-6.47,16.82,92.55,41,95,3.06
465,Manoel Urbano,BR,2020-08-27 10:29:09,-8.84,-69.26,68.07,63,0,1.81
466,Cascais,PT,2020-08-27 10:29:10,38.7,-9.42,75.99,73,20,16.11
467,Grand Gaube,MU,2020-08-27 10:29:10,-20.01,57.66,77.0,65,1,11.01
468,Suleja,NG,2020-08-27 10:24:16,9.18,7.18,80.6,78,40,2.24
469,Calbuco,CL,2020-08-27 10:29:10,-41.77,-73.13,44.6,100,90,8.16
470,Miraflores,MX,2020-08-27 10:29:10,19.22,-98.81,60.8,77,75,11.41
471,Ust-Koksa,RU,2020-08-27 10:29:11,50.27,85.61,64.36,46,100,1.79
472,Gainesville,US,2020-08-27 10:28:59,29.65,-82.32,77.0,100,1,3.36
473,Balkanabat,TM,2020-08-27 10:29:11,39.51,54.37,92.48,12,0,16.51
474,Sola,VU,2020-08-27 10:29:11,-13.88,167.55,82.4,83,75,6.93
475,Kautokeino,NO,2020-08-27 10:29:11,69.01,23.04,48.09,56,52,12.35
476,Kamenka,RU,2020-08-27 10:29:12,51.32,42.77,83.53,29,8,9.28
477,Kaitangata,NZ,2020-08-27 10:29:12,-46.28,169.85,42.01,84,59,4.74
478,Neiafu,TO,2020-08-27 10:29:12,-18.65,-173.98,75.99,75,0,16.64
479,Arona,ES,2020-08-27 10:29:12,28.1,-16.68,80.6,74,9,4.7
480,Oistins,BB,2020-08-27 10:29:12,13.07,-59.53,82.4,78,40,19.46
481,Bowling Green,US,2020-08-27 10:25:07,36.99,-86.44,75.2,83,1,4.56
482,Mandalgovi,MN,2020-08-27 10:29:13,45.76,106.27,62.58,41,59,13.69
483,Shimoda,JP,2020-08-27 10:29:13,34.67,138.95,75.99,95,5,1.01
484,Albertville,US,2020-08-27 10:29:13,34.27,-86.21,75.0,94,1,3.36
485,Goderich,CA,2020-08-27 10:29:13,43.75,-81.72,77.0,87,33,1.01
486,Livingston,GB,2020-08-27 10:29:13,55.9,-3.52,55.99,100,20,8.05
487,Bantou,CN,2020-08-27 10:29:14,26.22,117.49,76.12,89,98,1.41
488,Tazovskiy,RU,2020-08-27 10:29:14,67.47,78.7,60.51,68,10,8.55
489,Mwanza,TZ,2020-08-27 10:29:14,-2.52,32.9,82.4,39,20,11.41
490,Ereymentau,KZ,2020-08-27 10:29:14,51.62,73.1,66.45,57,27,20.11
491,West Wendover,US,2020-08-27 10:29:14,40.74,-114.07,69.8,40,1,3.36
492,Shenkursk,RU,2020-08-27 10:29:15,62.11,42.9,64.78,49,99,7.05
493,Waslala,NI,2020-08-27 10:29:15,13.23,-85.38,68.67,95,91,1.43
494,Klaksvik,FO,2020-08-27 10:29:15,62.23,-6.59,50.0,87,89,2.24
495,Pangai,TO,2020-08-27 10:29:15,-19.8,-174.35,75.4,71,0,12.97
496,Tamiahua,MX,2020-08-27 10:29:16,21.27,-97.45,77.52,90,91,3.24
497,Zaysan,KZ,2020-08-27 10:29:16,47.47,84.87,72.16,28,100,9.06
498,Biak,ID,2020-08-27 10:29:16,-0.91,122.88,77.9,79,35,8.75
499,Geraldton,AU,2020-08-27 10:29:16,-28.77,114.6,66.2,82,0,8.05
500,Awbari,LY,2020-08-27 10:29:16,26.59,12.78,96.26,17,0,10.89
501,Namsos,NO,2020-08-27 10:28:01,64.47,11.5,53.6,76,75,5.82
502,Los Llanos De Aridane,ES,2020-08-27 10:29:16,28.66,-17.92,78.8,83,10,13.87
503,Kavieng,PG,2020-08-27 10:29:17,-2.57,150.8,82.62,72,100,3.83
504,Labuhan,ID,2020-08-27 10:29:17,-6.88,112.21,81.82,68,62,13.42
505,Pacific Grove,US,2020-08-27 10:27:01,36.62,-121.92,59.0,82,90,8.05
506,Taksimo,RU,2020-08-27 10:24:56,56.34,114.88,67.1,51,39,4.52
507,Puerto Madero,MX,2020-08-27 10:29:17,14.72,-92.42,78.04,83,100,6.8
508,Puro,PH,2020-08-27 10:29:18,12.48,123.38,83.95,76,22,6.33
509,Isabela,PH,2020-08-27 10:29:18,6.71,121.97,84.2,79,75,6.93
510,Ucluelet,CA,2020-08-27 10:29:18,48.93,-125.55,53.01,91,0,5.44
511,Baruun-Urt,MN,2020-08-27 10:29:18,46.68,113.28,76.41,49,19,7.74
512,Georgiyevka,KZ,2020-08-27 10:29:18,43.04,74.71,66.2,59,75,6.71
513,Alyangula,AU,2020-08-27 10:29:18,-13.85,136.42,75.2,69,0,3.36
514,Estelle,US,2020-08-27 10:29:19,29.85,-90.11,84.2,89,75,21.92
515,Sheksna,RU,2020-08-27 10:29:19,59.21,38.51,64.4,63,40,6.71
516,Ahipara,NZ,2020-08-27 10:29:19,-35.17,173.17,53.26,80,13,12.37
517,Walvis Bay,NA,2020-08-27 10:29:05,-22.96,14.51,64.4,63,75,6.93
518,Coracora,PE,2020-08-27 10:29:19,-15.03,-73.78,39.67,76,1,1.39
519,Werda,BW,2020-08-27 10:29:19,-25.27,23.28,83.03,14,17,14.88
520,Uriu,RO,2020-08-27 10:29:20,47.2,24.05,77.0,38,5,13.87
521,Juneau,US,2020-08-27 10:24:42,58.3,-134.42,53.01,93,90,6.93
522,Salinas,US,2020-08-27 10:24:49,36.68,-121.66,59.0,82,90,8.05
523,Bonga,ET,2020-08-27 10:29:20,7.28,36.23,70.93,80,98,3.02
524,Tessalit,ML,2020-08-27 10:29:20,20.2,1.01,97.68,17,0,6.22
525,Green River,US,2020-08-27 10:29:20,41.53,-109.47,68.0,32,20,6.93
526,Svetlaya,RU,2020-08-27 10:29:20,46.54,138.33,68.52,79,100,3.44
527,Kota Belud,MY,2020-08-27 10:29:21,6.35,116.43,77.0,94,40,5.82
528,Srandakan,ID,2020-08-27 10:29:21,-7.94,110.25,78.96,71,47,16.87
529,Campos Belos,BR,2020-08-27 10:29:21,-13.04,-46.77,59.45,34,36,5.35
530,Huntsville,US,2020-08-27 10:27:18,34.73,-86.59,77.0,100,1,3.94
531,Paldiski,EE,2020-08-27 10:29:21,59.36,24.05,63.0,67,20,11.41
532,Balabac,PH,2020-08-27 10:29:21,7.99,117.06,84.81,71,26,6.62
533,Srednekolymsk,RU,2020-08-27 10:29:22,67.45,153.68,45.54,71,99,5.82
534,Kaka,TM,2020-08-27 10:29:22,37.35,59.61,86.95,16,0,7.16
535,Alofi,NU,2020-08-27 10:29:22,-19.06,-169.92,66.2,93,83,3.36
536,Nantucket,US,2020-08-27 10:29:22,41.28,-70.1,62.6,59,20,4.7
537,Coquimbo,CL,2020-08-27 10:29:22,-29.95,-71.34,44.6,87,0,3.36
538,Okhotsk,RU,2020-08-27 10:29:22,59.38,143.3,52.3,81,100,7.43
539,Sambava,MG,2020-08-27 10:29:23,-14.27,50.17,77.85,59,3,11.05
540,Turukhansk,RU,2020-08-27 10:29:23,65.82,87.98,59.92,79,100,5.46
541,Lichuan,CN,2020-08-27 10:29:23,30.3,108.85,76.57,74,9,3.33
542,Nioki,CD,2020-08-27 10:29:23,-2.72,17.68,71.56,92,100,7.61
543,Sao Jose Da Coroa Grande,BR,2020-08-27 10:29:23,-8.9,-35.15,73.11,71,45,6.13
544,Boksitogorsk,RU,2020-08-27 10:29:23,59.47,33.85,64.67,62,100,5.73
545,Nadym,RU,2020-08-27 10:29:23,65.53,72.52,68.04,51,32,7.23
